runtime,score,budget,gross,USmovie,genre,rating
165,8.4,100.0,162.805434,1,drama,R
87,6.6,9.0,33.244684,1,other,R
122,6.9,85.0,117.154724,1,other,PG-13
98,7.1,17.0,9.451946,1,comedy,R
97,4.6,7.0,12.741891,1,action,PG
98,5.3,15.0,1.953732,1,action,R
90,5.9,1.0,10.047674,1,drama,PG-13
108,6.8,25.0,14.589444,1,comedy,R
100,4.5,18.0,3.551208,1,comedy,PG-13
120,5.8,110.0,24.008137,1,action,PG
97,5.7,13.0,5.509417,1,comedy,PG-13
109,6.7,40.0,37.520095,1,action,PG-13
91,5.7,8.5,17.845337,1,comedy,PG-13
107,5.6,11.0,14.708874,1,comedy,PG-13
119,6.0,163.0,100.240551,1,action,PG-13
141,7.8,55.0,35.739802,1,drama,R
107,6.4,70.0,137.355633,1,comedy,PG-13
88,6.2,19.0,157.019771,1,comedy,R
96,5.2,7.0,20.257,1,action,R
129,8.2,2.0,20.167424,0,drama,R
98,6.2,6.0,11.797927,1,other,R
138,6.7,150.0,133.375846,1,other,PG-13
114,7.9,1.5,1.221261,0,other,R
90,7.3,150.0,165.249063,1,other,PG
109,6.9,12.5,14.06095,1,drama,PG-13
107,7.4,55.0,19.389454,1,comedy,R
105,7.7,5.5,35.811509,0,drama,PG-13
132,6.5,35.0,18.306166,0,action,PG-13
84,5.1,24.0,13.592872,1,comedy,R
107,6.4,45.0,12.050299,1,action,R
109,6.3,13.0,22.03,1,comedy,PG-13
119,7.3,50.0,24.006726,1,action,R
97,6.3,14.0,18.03415,1,drama,R
100,6.5,28.0,153.665,1,action,R
105,5.6,88.0,78.747585,1,action,PG-13
100,4.8,25.0,14.63749,1,other,R
115,7.0,150.0,181.030624,1,action,PG-13
116,5.5,70.0,152.257509,1,comedy,PG
129,6.4,108.0,10.377558,1,action,R
120,7.3,13.0,4.857376,0,comedy,R
98,6.0,73.0,55.585389,1,other,R
116,6.5,70.0,25.124986,0,action,R
105,5.9,30.0,25.48049,1,other,R
97,6.5,3.0,11.090735,0,other,R
91,5.1,8.0,1.712111,1,other,PG-13
107,6.3,33.0,61.334059,1,other,R
135,6.3,55.0,50.047179,1,drama,PG
85,7.0,25.0,80.048433,1,action,PG-13
116,7.6,20.0,7.494849,1,other,R
107,5.9,60.0,82.670733,1,action,PG-13
107,7.0,4.0,4.05968,1,comedy,R
116,4.5,94.0,32.616869,1,action,PG-13
138,8.1,80.0,128.012934,1,other,R
117,6.3,20.0,2.420917,1,action,PG-13
106,5.9,48.0,15.965919,1,other,R
128,7.2,45.0,15.541549,0,drama,PG-13
81,2.1,12.0,4.922166,1,comedy,PG
117,6.8,25.0,51.580136,1,action,R
110,6.1,22.0,39.263506,1,other,PG-13
86,5.6,17.0,27.865571,1,drama,PG-13
88,4.8,16.0,42.67041,1,drama,PG-13
81,7.6,59.0,176.387405,1,other,PG
109,6.3,20.0,19.976073,0,action,R
96,5.6,10.0,6.044618,1,action,R
100,6.3,18.0,2.149735,1,drama,PG-13
113,6.0,30.0,10.955425,0,action,R
103,7.6,15.0,4.243756,1,comedy,R
136,6.7,100.0,67.286731,1,action,PG-13
99,7.3,25.0,11.1,1,action,PG-13
118,6.9,80.0,94.835059,1,action,R
108,5.9,116.0,67.12776,1,action,PG-13
99,6.8,30.0,113.502,1,comedy,PG-13
88,6.0,3.0,1.828933,0,drama,R
100,6.2,13.0,49.121934,1,comedy,PG-13
95,5.4,35.2,37.788228,1,comedy,PG-13
100,4.6,30.0,4.09603,1,comedy,PG-13
156,8.0,135.0,183.637894,0,action,R
88,5.9,50.0,28.142535,1,other,PG
115,7.3,20.0,82.58416,1,comedy,R
122,7.9,60.0,32.53485,1,action,R
106,6.9,35.0,117.538559,1,comedy,R
114,6.1,115.0,47.95202,1,action,PG-13
94,7.6,18.0,18.33523,1,action,R
93,5.8,7.5,140.088813,1,comedy,PG-13
108,5.0,34.0,19.693891,1,comedy,PG-13
85,3.4,19.0,26.276465,1,comedy,PG-13
84,7.8,3.6,5.923044,1,comedy,R
135,7.0,40.0,29.077547,1,drama,PG-13
124,5.9,55.0,5.755286,1,drama,PG-13
129,7.8,50.0,48.323648,1,drama,R
100,6.1,11.0,2.832826,1,comedy,R
125,6.6,20.0,13.337299,0,drama,PG-13
89,5.8,29.0,22.359293,0,action,PG
116,6.7,84.0,53.26256,1,action,PG-13
106,5.8,30.0,18.001232,1,other,PG-13
96,6.6,90.0,71.195053,1,action,PG
87,7.0,39.0,35.291068,1,other,PG
106,5.7,100.0,154.69608,1,action,PG-13
112,6.9,28.0,4.554569,1,comedy,R
157,7.7,65.0,33.080084,1,other,R
95,7.0,3.0,1.028658,0,drama,R
124,7.0,31.0,100.04783,1,comedy,PG-13
118,6.7,30.0,34.742066,1,drama,PG-13
97,6.0,8.0,35.794166,1,other,PG-13
121,5.0,135.0,32.116746,1,action,PG-13
112,6.7,18.0,3.707794,1,drama,PG-13
96,6.2,70.0,18.211013,1,action,PG-13
177,6.0,80.0,17.626234,1,action,R
113,5.5,90.0,100.018837,1,action,PG-13
87,4.0,27.0,26.876529,0,other,PG-13
127,7.1,60.0,49.443628,1,drama,PG-13
113,6.8,18.0,43.610723,1,comedy,PG-13
86,5.1,2.5,40.041683,1,comedy,R
157,7.7,150.0,290.013036,0,action,PG-13
107,6.4,40.0,52.000688,1,action,R
93,6.3,28.0,5.204007,0,action,R
98,5.9,30.0,43.894863,1,comedy,PG-13
111,6.9,15.0,13.043363,1,drama,PG-13
98,6.0,100.0,72.688614,1,action,PG-13
134,7.9,15.0,22.954968,1,drama,PG
100,7.3,10.0,3.960414,1,drama,PG-13
102,6.6,42.0,18.62,1,action,PG-13
94,7.8,16.0,45.512466,1,action,PG-13
123,7.9,29.0,81.001787,1,drama,PG-13
112,7.8,13.0,22.858926,1,comedy,R
95,5.8,50.0,20.488579,1,action,R
100,5.9,20.0,18.88288,1,comedy,R
107,5.3,24.0,12.37241,1,comedy,PG-13
114,6.0,37.0,33.047633,1,drama,PG-13
102,6.8,7.5,18.899204,1,comedy,PG-13
100,5.4,60.0,50.024083,1,action,R
107,6.6,32.0,101.470202,1,comedy,R
84,7.3,18.0,128.505958,1,comedy,R
91,4.8,46.0,130.512915,1,comedy,PG
96,5.6,17.0,37.950822,1,comedy,R
100,4.6,18.0,2.2955,0,action,PG
114,6.4,7.0,3.209481,0,drama,PG-13
104,3.3,100.0,40.202379,1,action,PG-13
133,7.5,30.0,66.638883,1,drama,R
92,5.3,8.0,5.01845,1,comedy,R
106,6.4,14.0,32.645546,1,comedy,PG
104,5.7,125.0,33.370166,1,action,PG
99,5.9,46.0,70.334258,0,action,R
108,6.4,30.0,145.103595,1,comedy,R
102,5.4,35.0,5.93206,0,action,PG-13
125,6.2,35.0,63.095271,1,action,R
98,6.0,23.0,7.434726,1,action,R
80,5.7,7.0,1.055525,1,other,R
202,7.7,33.0,48.169908,1,drama,PG-13
125,6.4,16.0,2.002,1,drama,R
98,5.3,92.0,67.349198,1,action,R
100,4.3,120.0,56.117548,1,action,PG-13
127,8.3,48.0,197.171806,1,action,PG-13
93,5.3,10.0,7.025803,1,other,R
104,7.4,75.0,157.299717,1,action,PG-13
107,6.6,14.0,4.741987,1,drama,R
95,5.0,20.0,17.529157,0,action,R
99,4.9,54.0,33.022767,1,action,R
96,4.4,40.0,27.663982,1,other,PG-13
103,5.8,150.0,61.97968,1,drama,R
122,6.4,31.0,43.85879,1,other,PG
107,6.7,22.0,12.784713,1,comedy,R
113,6.8,34.0,102.427862,1,action,PG-13
112,6.0,45.0,14.904384,1,drama,PG-13
102,6.4,25.0,10.103647,1,drama,PG-13
117,5.9,17.0,6.734844,1,drama,R
94,7.0,10.0,1.483975,0,drama,PG
118,7.2,11.8,12.711491,0,drama,R
101,5.0,51.0,21.731001,1,comedy,PG-13
140,7.2,38.0,35.183792,1,drama,R
111,6.0,27.0,44.342956,1,action,PG
119,6.3,100.0,23.022309,0,drama,PG-13
194,7.8,200.0,658.672302,1,drama,PG-13
100,6.0,16.0,17.957265,1,comedy,PG-13
105,6.9,30.25,72.077,1,comedy,R
117,8.2,15.0,17.451873,1,comedy,R
92,8.1,115.0,289.916256,1,other,G
104,7.5,11.0,13.235319,1,drama,R
93,2.4,15.0,2.409225,1,action,PG-13
125,5.9,62.0,15.738632,1,action,R
101,7.0,3.2,7.266973,1,comedy,PG-13
98,5.9,17.0,8.662318,1,comedy,PG-13
101,6.1,80.0,38.345494,1,comedy,PG-13
109,5.5,37.0,70.83176,1,comedy,PG-13
97,6.3,58.0,28.328132,1,action,PG-13
111,6.8,35.0,11.434216,1,drama,R
121,7.4,10.0,12.547189,1,drama,PG-13
97,6.4,22.0,144.833357,1,comedy,PG
99,5.1,30.0,117.559438,1,action,PG-13
93,6.9,36.0,50.129186,1,action,R
84,5.6,13.0,5.00231,1,action,PG-13
135,5.5,60.0,31.186896,1,action,PG-13
110,5.6,70.0,42.285169,1,drama,PG-13
102,7.6,10.0,11.546543,0,action,R
154,6.8,42.0,158.348367,1,drama,R
131,6.3,61.0,81.67009,1,action,PG-13
104,7.2,15.0,71.897215,1,drama,PG-13
118,8.2,13.0,14.677654,0,drama,R
100,7.2,2.0,6.531503,1,drama,R
113,7.6,20.0,121.463226,1,comedy,R
94,5.5,60.0,82.571173,1,action,PG
123,5.7,100.0,26.384681,1,action,PG-13
105,5.9,150.0,177.243721,1,action,PG
105,7.2,3.2,5.790894,1,comedy,R
94,5.9,1.5,5.728953,0,other,R
107,6.1,28.0,6.998324,1,comedy,R
109,7.9,3.0,8.114627,1,drama,R
98,6.5,20.0,30.101577,0,action,R
134,7.0,24.0,12.0963,1,drama,R
119,6.5,6.0,12.423831,0,other,R
110,6.0,40.0,5.775076,1,drama,PG-13
98,6.2,17.5,58.017783,1,drama,PG-13
85,5.0,8.5,28.563926,1,drama,PG-13
133,5.4,70.0,7.097125,1,other,R
92,7.0,60.0,56.003051,1,other,PG
87,5.3,13.0,5.587855,1,comedy,R
105,5.2,60.0,28.03125,0,action,R
101,5.1,2.5,1.163508,1,other,R
105,6.1,47.0,103.738726,1,action,PG
96,6.8,10.0,12.594698,0,comedy,R
113,7.4,30.0,66.486205,1,action,R
104,6.7,6.0,10.017675,0,drama,PG-13
104,4.8,60.0,5.350371,0,other,PG-13
101,7.0,5.0,4.058564,0,comedy,R
101,6.5,4.5,1.025234,1,other,R
105,5.0,14.0,6.640346,1,drama,PG-13
87,6.3,32.0,43.0956,0,action,PG-13
98,5.3,20.0,15.618626,1,comedy,PG-13
90,7.3,30.0,52.159536,1,other,R
113,6.2,170.0,77.042381,1,action,PG
90,5.3,25.0,15.09453,0,action,G
98,4.8,18.0,3.247524,1,comedy,R
109,5.4,5.0,16.554699,1,comedy,R
93,5.9,12.0,46.0444,1,action,R
105,5.0,16.0,4.19244,0,action,R
102,7.8,165.0,222.527828,1,other,PG
103,6.9,5.0,1.050861,1,other,R
83,6.2,35.0,6.864016,0,action,R
78,6.1,30.0,76.507756,0,other,G
97,6.6,16.8,10.506939,1,comedy,PG-13
87,5.1,15.0,47.860214,1,other,PG-13
100,5.9,5.0,3.569939,0,other,G
112,5.7,70.0,70.231041,1,action,PG-13
107,5.6,37.0,44.875481,1,action,R
162,7.4,27.0,78.65143,1,drama,R
139,5.7,14.0,2.474,1,drama,PG-13
105,6.2,25.0,10.07,1,comedy,PG-13
110,7.2,15.0,15.024049,0,comedy,R
151,7.3,225.0,423.315812,1,action,PG-13
113,7.1,8.0,1.174139,0,drama,R
115,6.5,16.0,14.851083,1,comedy,R
129,6.2,25.0,121.94572,1,action,R
108,5.3,30.0,32.0648,0,other,R
91,7.0,5.0,2.229058,1,drama,PG-13
73,5.8,26.0,11.634458,1,action,G
97,6.6,23.0,21.973182,1,other,R
102,6.7,100.0,107.518682,1,other,PG
144,7.3,50.0,52.853219,0,action,R
119,6.7,105.0,57.761012,1,action,PG-13
116,5.3,17.5,18.924919,1,action,PG
101,6.2,14.0,13.747138,1,action,R
86,2.7,30.0,38.233676,1,comedy,PG-13
101,5.8,125.0,191.204754,1,action,PG-13
89,3.7,60.0,23.322832,1,action,PG-13
119,6.8,20.0,21.413105,0,action,PG-13
90,6.1,15.0,31.726995,1,comedy,PG-13
109,6.0,48.0,89.256424,0,action,PG-13
108,6.3,42.0,54.445357,1,comedy,R
100,6.5,40.0,31.011732,1,comedy,PG-13
94,4.1,15.0,30.354442,1,comedy,R
111,7.0,27.0,87.34138,1,action,R
109,6.1,150.0,63.150991,1,action,PG
105,5.9,18.0,9.129999,1,comedy,PG
108,6.3,14.0,5.981749,0,other,R
99,5.6,25.0,24.04249,1,other,R
122,7.1,185.0,158.84834,1,action,PG-13
99,5.4,6.5,84.273813,1,other,R
138,6.9,85.0,63.224849,1,comedy,PG-13
103,5.7,75.0,136.189294,1,action,G
125,7.0,72.0,62.65822,1,action,R
97,6.2,15.0,15.026056,1,other,R
99,5.1,15.0,6.419876,1,drama,R
107,8.5,3.3,13.092,1,drama,R
105,6.5,5.0,5.881367,1,comedy,R
101,6.1,22.0,1.075288,1,other,R
100,4.8,2.0,60.755732,1,drama,PG
101,6.7,3.0,8.821782,1,other,R
94,6.9,25.0,38.747385,1,comedy,PG-13
135,7.1,40.0,45.856732,1,other,PG-13
109,6.4,24.0,22.099847,1,other,R
101,6.1,20.0,26.7927,1,other,R
107,6.0,25.0,55.474756,1,comedy,PG-13
96,5.4,175.0,100.462298,1,comedy,PG
138,7.2,150.0,281.492479,1,action,R
89,6.3,80.0,38.577772,1,action,PG-13
98,5.7,2.0,7.369373,0,other,R
100,6.3,45.0,5.664251,0,action,R
118,6.6,70.0,179.495555,1,comedy,PG-13
192,7.1,50.0,13.56096,1,drama,R
94,7.6,23.0,19.202743,0,other,G
98,5.6,17.0,22.734486,1,comedy,PG-13
92,6.7,20.0,114.326736,1,comedy,PG-13
83,7.1,80.0,73.280117,1,other,G
152,9.0,185.0,534.858444,1,action,PG-13
92,6.8,21.0,25.296447,0,action,PG-13
112,6.4,8.0,18.090181,1,other,R
159,7.3,65.0,55.691208,0,drama,R
72,5.8,20.0,48.430258,1,other,G
105,5.5,10.0,31.058643,1,comedy,PG-13
100,5.5,30.0,12.017369,1,drama,R
126,7.6,35.0,251.188924,1,action,PG-13
87,7.4,75.0,183.135014,1,other,PG-13
112,7.5,7.0,1.738692,0,drama,R
98,8.1,16.0,30.857814,1,action,PG
99,5.5,18.0,1.883811,1,action,PG
85,7.2,80.0,145.794338,1,other,PG
100,6.2,22.0,6.886089,0,drama,PG-13
98,6.0,15.0,1.73307,1,drama,PG
102,7.5,2.5,26.782316,1,comedy,R
166,7.8,150.0,127.509326,1,drama,PG-13
101,6.1,60.0,88.237754,1,comedy,PG-13
141,8.1,52.0,164.615351,1,drama,PG-13
108,5.0,12.0,4.903,1,comedy,R
110,6.4,3.0,1.884315,1,other,R
101,7.6,1.1,4.105123,0,action,R
97,6.4,5.0,1.119112,1,other,R
108,6.0,25.0,32.055248,1,action,PG-13
127,7.0,20.0,75.600072,1,drama,G
95,6.3,70.0,13.596911,1,other,PG
97,5.4,15.0,6.79824,1,comedy,PG-13
111,7.6,3.6,31.968347,0,drama,R
117,6.4,140.0,55.48377,1,action,PG
115,6.0,85.0,120.059556,1,comedy,PG-13
83,5.5,33.0,8.326035,0,action,PG-13
98,4.9,15.0,26.496583,0,drama,PG-13
126,7.2,46.63,8.083123,0,action,PG
94,7.4,6.0,22.847564,1,comedy,PG-13
90,5.6,8.0,5.841046,1,drama,R
97,4.4,10.0,21.371425,1,action,PG-13
105,6.4,20.0,2.339735,1,comedy,PG-13
140,7.3,15.0,21.383298,1,other,R
110,7.0,41.0,116.724075,1,drama,R
93,6.3,18.0,130.724172,1,action,PG
100,6.2,41.0,7.204138,1,comedy,PG
95,5.8,10.0,63.366989,1,comedy,PG-13
178,8.4,72.0,75.6,1,drama,R
88,6.1,140.0,190.418803,1,action,PG-13
95,5.7,9.0,23.687907,1,comedy,PG
102,7.1,6.0,11.494838,1,drama,PG-13
111,6.0,17.0,41.71586,1,comedy,PG-13
97,6.8,6.5,1.029872,1,drama,R
105,5.7,35.0,13.101142,1,comedy,PG-13
100,7.2,30.0,26.692846,1,other,G
124,6.4,15.0,10.763469,1,comedy,PG
118,6.1,60.0,58.39916,0,action,PG-13
95,6.8,2.0,1.20443,0,other,R
130,8.7,3.3,7.563397,0,other,R
117,7.0,10.0,3.369431,1,comedy,R
108,7.8,40.0,118.5,1,action,PG
108,6.5,20.0,29.753944,1,other,R
113,7.7,13.0,57.938693,1,other,R
108,4.7,25.0,14.990582,1,comedy,PG-13
88,5.4,10.6,22.163442,1,other,PG-13
101,7.4,11.0,41.227069,1,drama,PG
113,7.8,30.0,115.654751,1,drama,PG
119,6.9,14.0,156.645693,1,drama,R
91,4.9,35.0,20.03531,1,comedy,PG-13
144,6.1,40.0,9.24314,1,drama,R
99,5.4,30.0,17.322606,1,action,PG-13
87,4.3,3.0,15.935068,1,other,R
98,3.7,20.0,11.798302,1,comedy,PG
118,6.6,35.0,75.668868,1,action,PG
104,5.7,42.0,23.360779,1,action,R
104,6.2,48.0,46.683377,1,comedy,PG-13
112,7.2,17.0,65.001093,1,comedy,PG-13
113,7.5,25.0,26.118851,1,drama,R
113,4.1,25.0,6.84157,1,comedy,R
109,4.9,35.0,16.459004,0,drama,R
102,6.3,30.0,20.568319,1,other,PG-13
89,4.8,40.0,20.916309,1,comedy,PG
114,6.8,62.0,65.0,1,comedy,PG-13
112,6.0,15.0,4.734235,1,comedy,R
100,6.1,50.0,13.806137,1,action,R
109,5.7,60.8,23.984949,1,other,R
113,5.8,30.0,32.868349,1,comedy,PG-13
89,4.6,15.0,29.331068,0,comedy,PG
92,6.4,9.0,4.881867,1,comedy,R
94,5.4,28.0,24.268828,1,action,PG
86,5.8,25.0,38.230435,1,action,PG-13
107,7.1,25.0,11.008432,1,drama,PG-13
101,7.3,20.0,43.037835,1,action,R
100,4.9,30.0,14.018364,1,comedy,PG
102,4.8,30.0,14.1106,1,other,PG-13
139,8.2,40.0,67.115062,0,drama,R
92,5.5,3.0,23.509382,1,comedy,PG
98,5.3,60.0,50.547998,1,action,PG-13
139,7.7,50.0,148.478011,1,comedy,PG-13
103,6.4,31.0,53.20818,1,comedy,PG-13
133,7.2,20.0,51.249404,1,comedy,R
102,6.4,7.0,1.873547,1,drama,R
95,5.9,20.0,51.438175,1,comedy,PG
106,5.6,30.0,24.048,1,action,R
119,5.8,43.0,13.351357,1,comedy,R
93,7.5,32.0,54.712227,1,other,PG-13
88,6.2,4.0,1.104682,1,action,R
92,6.1,20.0,36.92219,1,comedy,PG-13
108,6.9,3.3,2.961991,1,drama,R
121,7.5,40.0,125.095601,1,action,R
103,7.5,3.0,6.1016,1,drama,PG
111,6.8,30.0,40.259119,1,action,PG-13
89,6.4,10.0,25.58875,1,comedy,PG-13
98,7.3,90.0,250.690539,1,action,PG-13
115,6.7,29.0,17.17487,1,drama,PG-13
130,6.3,98.0,202.019785,1,action,PG-13
107,6.6,12.0,40.050884,1,comedy,PG
106,6.4,12.0,22.331028,1,other,PG-13
80,5.6,33.0,57.651794,1,action,PG-13
114,5.2,110.0,115.802596,1,action,PG-13
105,6.1,25.0,77.267296,1,comedy,PG
128,7.5,40.0,95.001343,1,drama,PG-13
90,7.5,6.0,18.621249,1,comedy,PG-13
114,5.7,25.0,1.534569,1,other,R
90,3.6,17.0,15.68102,0,action,PG
178,8.8,93.0,315.54475,0,action,PG-13
101,6.2,35.0,28.687835,1,other,R
107,6.4,15.0,41.778863,1,other,R
101,5.3,20.0,14.327206,1,action,PG-13
123,6.6,20.0,32.051917,1,drama,R
130,7.8,11.0,1.330596,0,drama,PG-13
109,4.6,30.0,18.438164,1,comedy,PG
91,5.8,13.0,38.916903,1,action,PG
106,5.4,22.0,17.33637,1,action,PG
114,6.2,23.0,18.653615,1,comedy,PG-13
100,7.4,50.0,84.351197,1,comedy,PG-13
132,6.5,66.0,43.577636,1,action,PG-13
148,6.8,245.0,200.074175,0,action,PG-13
96,6.5,135.0,83.028128,1,other,PG
104,5.7,25.0,1.090947,1,comedy,R
85,6.8,14.0,2.735731,1,comedy,PG-13
105,5.3,16.0,11.48688,1,comedy,PG
115,6.5,35.0,18.63562,1,drama,PG-13
139,8.8,63.0,37.030102,1,drama,R
143,7.3,23.0,82.569971,1,drama,PG
85,2.2,24.0,4.916871,1,action,PG
99,5.1,17.0,3.560932,1,other,R
107,3.6,45.0,15.220685,1,action,PG-13
124,7.0,120.0,89.021735,1,action,PG-13
108,6.1,60.0,22.433915,1,other,R
92,4.8,21.15,25.635682,0,action,PG
113,6.5,7.0,4.720371,1,action,PG
132,7.8,160.0,146.408305,1,action,PG-13
121,4.7,5.0,4.700361,1,drama,PG-13
115,6.2,150.0,82.161969,1,other,PG-13
102,8.0,13.0,17.73857,1,drama,PG-13
99,6.3,1.0,16.18818,0,other,R
99,6.0,50.0,16.671505,1,action,PG
98,7.5,20.0,13.383737,1,comedy,R
116,5.9,30.0,60.86487,1,comedy,R
91,5.2,26.0,20.819129,1,action,PG
88,5.6,80.0,120.14604,0,comedy,PG-13
89,5.5,60.0,60.573641,1,comedy,PG
94,5.7,105.0,64.063008,1,other,PG
140,6.6,60.0,13.082288,0,action,PG-13
189,6.8,36.0,1.342903,1,drama,R
96,6.8,12.0,31.597131,1,drama,R
91,6.3,7.0,7.455447,1,comedy,R
101,5.7,25.0,33.691313,1,comedy,PG
100,6.9,6.0,63.952836,1,drama,PG-13
101,6.6,27.0,38.122105,1,action,R
104,7.0,18.0,7.739049,0,comedy,R
93,6.3,65.0,68.518533,1,action,PG-13
127,6.7,20.0,35.422828,1,drama,PG
110,7.1,2.5,6.138485,0,other,R
94,6.8,3.0,16.124543,1,comedy,R
87,3.9,30.0,21.382456,1,action,PG
102,6.2,35.0,25.266129,1,comedy,PG-13
107,7.2,135.0,123.477607,1,other,PG
109,6.5,8.0,27.362712,1,other,PG-13
97,6.9,4.0,16.262415,1,comedy,PG
100,5.8,65.0,17.21808,1,action,R
106,6.6,12.0,7.331647,1,comedy,PG-13
111,6.7,14.0,8.838938,1,other,R
96,6.6,40.0,48.0229,1,other,PG-13
116,6.5,132.0,234.280354,1,action,PG-13
98,6.7,23.0,12.782508,1,drama,PG-13
105,6.4,70.0,116.741558,1,other,R
97,5.0,38.0,19.297522,0,comedy,PG-13
95,5.2,10.0,7.56367,1,comedy,PG-13
101,6.6,20.0,13.650738,1,comedy,R
150,6.0,140.0,65.014513,0,action,PG-13
101,5.6,70.0,22.531698,0,action,PG-13
137,8.4,18.5,85.160248,1,action,R
129,7.4,3.0,1.26491,1,other,R
102,4.8,85.0,62.252415,1,comedy,PG-13
135,7.4,50.0,7.994115,0,comedy,R
100,6.2,50.0,10.556196,1,other,PG-13
100,6.9,9.0,18.761993,1,comedy,R
108,6.1,35.0,8.797839,1,other,PG-13
96,5.1,25.0,16.027866,0,action,PG-13
111,6.5,12.0,66.995879,1,comedy,PG-13
93,5.5,3.0,9.868521,1,other,PG
124,7.5,40.0,40.568025,1,comedy,PG-13
106,7.7,25.0,51.680613,1,drama,PG
86,6.7,4.5,1.261,1,other,R
121,8.1,17.5,23.4729,0,drama,PG-13
129,6.5,26.0,49.875291,1,action,R
105,6.1,32.0,1.308696,1,drama,R
111,5.9,2.0,1.301121,1,drama,PG
84,6.7,26.0,69.467617,1,action,PG-13
105,6.6,10.5,26.593646,1,action,R
141,7.4,250.0,459.005868,1,action,PG-13
97,4.8,43.0,24.409722,0,action,PG-13
140,7.7,2.6,3.130592,0,drama,R
118,6.5,90.0,101.648571,1,action,PG-13
105,4.6,60.0,21.45613,1,other,R
99,6.4,40.0,38.105077,0,action,R
88,7.2,24.0,75.585093,1,comedy,R
91,6.2,2.6,2.850263,1,action,PG
136,7.3,43.0,51.804714,1,drama,PG-13
87,6.0,25.0,19.528602,1,other,PG
104,7.4,2.0,1.900725,0,other,R
92,7.0,50.0,42.754105,0,action,R
92,6.5,15.0,102.003019,1,comedy,R
115,6.8,20.0,20.207003,1,other,R
133,8.0,25.0,172.825435,1,drama,R
93,3.8,25.0,2.457574,0,comedy,PG
108,6.8,6.5,54.215416,1,drama,PG-13
108,6.4,110.0,250.863268,1,action,PG
95,6.4,19.0,8.247943,1,other,R
100,7.8,35.0,277.322503,1,comedy,R
100,5.7,15.0,55.184721,1,comedy,PG-13
120,6.8,27.0,25.89381,1,action,PG
105,7.9,20.0,56.362352,1,drama,PG-13
122,5.4,30.0,1.519366,0,comedy,PG-13
86,5.3,2.0,12.55523,0,drama,R
86,6.2,10.0,52.59761,1,other,R
111,6.8,20.0,42.652003,1,action,PG
85,7.4,25.0,19.375982,0,other,PG
108,6.2,35.0,30.669413,1,action,R
90,7.6,11.0,14.681661,0,action,PG-13
91,5.7,3.0,84.752907,1,other,R
110,6.6,55.0,56.937502,1,action,PG-13
100,5.9,35.0,39.046489,1,comedy,PG-13
107,3.6,35.0,10.977721,0,action,PG-13
102,5.7,19.0,4.594452,1,other,R
112,5.9,20.0,77.698625,1,action,PG
126,7.1,35.0,51.433,1,comedy,PG-13
117,5.8,38.0,106.6141,1,drama,R
105,7.4,27.0,79.249455,1,other,PG-13
100,5.6,17.0,35.667218,1,other,R
181,8.0,22.0,184.208848,1,action,PG-13
102,5.3,18.0,14.793904,0,comedy,PG-13
144,7.2,130.0,47.398413,1,action,R
83,5.0,14.0,16.298046,0,other,PG-13
107,6.7,150.0,179.883157,1,action,PG-13
90,6.0,3.5,17.504595,1,other,R
113,6.7,4.7,1.705139,1,other,PG-13
113,6.7,27.0,124.033791,1,comedy,PG-13
90,6.6,40.0,72.266306,1,other,PG-13
113,6.6,52.0,34.639939,1,action,R
105,5.4,18.0,2.742912,1,action,R
90,8.0,1.5,2.283276,0,other,R
100,6.6,15.0,7.597898,1,drama,R
95,5.0,30.0,6.54536,1,comedy,PG-13
86,5.6,7.0,16.624456,1,action,PG-13
121,5.8,6.5,14.545844,1,comedy,R
95,6.4,78.0,119.793567,1,other,PG
100,5.6,25.0,19.076,0,action,R
124,6.0,33.0,8.406264,1,comedy,R
95,7.1,140.0,38.176783,1,other,PG
114,7.5,30.0,31.655091,1,drama,PG
122,7.3,55.0,41.616262,0,action,R
94,5.2,26.0,36.985501,1,action,PG
93,6.1,18.0,6.290673,1,comedy,R
125,6.5,110.0,125.54428,1,other,PG-13
130,7.3,40.0,9.589875,1,drama,PG
108,6.4,22.0,12.1,1,comedy,PG
96,5.9,80.0,56.684819,1,action,PG-13
121,7.8,22.0,17.266971,1,other,R
128,7.2,110.0,134.529403,1,action,PG-13
106,6.6,20.0,43.184798,1,comedy,PG-13
90,6.1,20.0,161.491646,1,comedy,PG-13
105,7.1,36.0,2.679437,0,action,PG-13
126,6.3,120.0,51.882244,1,action,PG-13
90,5.3,19.0,7.411659,1,comedy,PG
138,7.4,150.0,93.92792,1,action,PG-13
115,7.1,16.0,2.541541,0,drama,R
113,7.2,16.0,19.06824,1,drama,PG-13
122,7.7,55.0,53.606916,1,action,R
101,6.3,45.0,8.30597,1,action,PG
93,6.9,10.0,12.115757,0,comedy,R
126,6.9,150.0,134.029801,1,action,PG-13
95,5.3,11.0,13.558739,1,comedy,R
104,6.7,20.0,35.739755,0,action,PG-13
120,6.7,30.0,7.443007,1,drama,R
118,6.7,26.0,26.761283,1,drama,PG-13
96,5.7,10.0,2.34615,1,action,R
90,6.3,30.0,108.385533,1,action,PG-13
86,4.4,16.0,13.922211,1,comedy,R
100,7.4,10.9,10.72663,0,drama,PG
84,5.2,6.5,29.000301,1,action,PG
113,6.7,50.0,57.011521,1,comedy,R
135,7.7,40.0,59.696144,0,comedy,R
91,5.2,18.0,16.702864,1,action,PG
81,5.3,18.0,26.906039,1,comedy,PG-13
125,6.4,7.0,2.144667,1,drama,R
123,6.4,32.0,104.636382,1,drama,PG
125,6.6,30.0,46.212055,1,action,R
112,5.7,95.0,73.20934,1,action,R
98,6.9,33.0,141.153686,1,action,PG-13
103,6.4,58.0,70.117571,1,action,PG
97,6.1,3.5,2.068323,1,comedy,R
94,7.0,5.0,3.369307,1,action,R
120,4.4,40.0,8.251071,0,action,PG-13
87,6.3,24.0,16.625807,1,action,G
95,5.8,14.0,25.482931,1,action,R
114,5.6,100.0,60.883407,1,action,PG
108,6.2,15.0,1.29906,1,comedy,PG
94,7.2,4.0,5.289772,0,drama,PG-13
115,7.6,65.0,101.005703,1,other,R
100,4.6,6.5,4.693919,1,comedy,R
93,6.6,40.0,29.121498,1,action,R
100,5.9,10.0,6.607652,1,action,R
127,6.4,70.0,182.811707,1,comedy,PG-13
130,6.3,215.0,234.911825,1,action,PG
136,7.0,70.0,37.957682,1,action,PG-13
107,5.5,17.08,21.0115,1,comedy,PG
131,5.9,57.0,25.543895,0,drama,R
90,5.6,20.0,45.710178,0,other,R
97,6.3,10.0,7.574066,1,comedy,R
170,6.6,60.0,75.383563,1,drama,PG-13
117,7.1,4.4,52.700832,0,comedy,R
114,4.9,16.5,26.902075,1,comedy,PG-13
100,6.3,30.0,63.536011,1,comedy,PG-13
101,7.7,165.0,189.422889,1,other,PG
90,5.8,6.0,42.721196,1,comedy,PG
100,5.1,5.0,19.281235,1,comedy,R
140,7.6,52.0,173.837933,1,action,PG
113,6.3,12.0,5.032496,1,comedy,R
126,7.3,35.0,18.324242,1,drama,R
111,6.9,18.0,13.362308,1,drama,PG-13
116,8.6,20.0,57.598247,0,comedy,PG-13
96,4.8,17.0,42.66,1,action,PG
91,6.1,16.0,4.409328,1,action,R
86,8.0,70.0,23.159305,1,other,PG
124,7.1,85.0,40.069087,0,action,R
169,7.1,300.0,309.420425,1,action,PG-13
101,6.6,24.0,31.457946,1,comedy,R
115,5.9,125.0,54.645723,1,action,PG-13
170,8.2,60.0,67.436818,1,action,R
91,5.9,17.7,27.087695,1,action,PG-13
95,5.6,6.0,28.202109,1,comedy,PG
108,6.3,15.0,24.984868,1,action,R
119,7.3,25.0,49.033882,1,other,R
100,2.7,1.0,1.576615,1,action,PG
83,4.1,45.0,10.43122,1,action,R
100,6.6,12.0,91.547205,1,comedy,PG-13
105,6.3,46.0,127.120029,1,comedy,PG-13
123,6.1,125.0,215.409889,1,action,PG-13
114,6.5,17.0,30.050028,1,action,R
139,6.9,50.0,20.758378,1,action,R
120,6.8,14.5,46.351345,1,drama,PG-13
139,6.9,70.0,55.011732,1,action,PG-13
102,6.0,23.0,36.299898,1,action,R
105,5.4,105.0,71.017784,1,other,PG
165,7.2,110.0,113.330342,1,action,R
86,6.0,25.0,14.16159,1,drama,PG-13
93,5.7,8.5,15.171475,1,other,R
96,7.0,37.0,60.355347,1,comedy,R
119,7.1,23.0,176.484651,1,comedy,R
96,7.5,60.0,125.070033,1,drama,PG-13
108,6.8,30.0,26.525834,1,comedy,R
149,8.1,61.0,167.767189,1,other,R
148,8.1,15.0,18.352454,1,action,R
112,7.0,5.0,2.450846,1,drama,R
134,7.8,55.0,107.100855,1,drama,PG-13
112,7.5,18.0,7.837632,1,drama,R
88,4.6,10.0,18.300124,1,other,R
82,6.4,13.0,9.975684,0,comedy,PG-13
125,7.7,26.0,77.324422,1,drama,PG-13
113,7.6,38.0,40.137776,1,comedy,PG-13
124,7.4,30.0,52.421953,0,drama,R
93,6.0,15.0,13.035599,1,comedy,R
144,7.7,92.0,108.638745,1,drama,R
97,7.0,180.0,241.410378,1,action,PG
109,6.7,17.0,35.662731,0,action,R
100,5.8,115.0,131.144183,1,action,PG-13
98,6.9,65.0,100.468793,1,comedy,R
100,7.8,12.5,10.725228,1,other,R
118,5.7,20.0,56.398162,1,comedy,PG-13
126,7.6,30.0,38.413606,1,action,R
102,5.1,16.0,16.204793,1,comedy,R
100,6.3,32.0,17.804299,1,comedy,R
117,6.2,19.0,19.738015,1,drama,PG
96,6.7,28.0,39.514713,1,comedy,PG
107,6.5,40.0,20.113965,1,drama,PG
113,6.3,155.0,104.38695,1,action,PG
92,6.7,132.0,83.34892,1,other,PG
83,2.7,20.0,48.548426,1,comedy,PG-13
161,7.9,225.0,258.366855,1,action,PG-13
123,6.0,35.0,4.858139,0,drama,PG
107,7.8,26.0,45.506619,0,action,PG-13
134,7.2,5.0,20.733485,1,drama,PG-13
116,5.3,144.0,128.344089,1,action,PG-13
91,5.5,5.0,12.534961,1,other,R
97,7.2,6.0,3.685862,1,comedy,PG-13
134,8.1,20.0,56.671993,1,drama,R
124,6.6,60.0,56.451232,1,drama,PG-13
104,7.0,40.0,37.412945,1,action,R
110,5.2,26.0,14.469428,1,comedy,PG-13
131,7.4,150.0,195.042377,0,action,PG-13
107,7.2,12.5,6.783129,1,drama,R
120,7.0,14.0,35.112679,1,action,PG-13
124,6.4,125.0,186.740799,1,action,PG-13
98,5.9,8.5,35.161554,1,other,PG
109,6.1,15.0,58.272029,1,other,R
124,6.0,130.0,68.671925,0,action,PG-13
115,6.7,90.0,135.026902,1,drama,PG-13
143,7.8,200.0,304.360277,0,action,PG-13
126,6.5,155.0,89.760956,1,action,PG-13
92,5.7,35.0,55.291815,1,comedy,R
110,3.1,16.0,13.998282,1,action,PG-13
99,6.6,11.5,20.982557,1,comedy,PG-13
107,7.9,15.0,7.75713,0,comedy,R
98,5.9,10.0,25.46448,1,other,PG-13
94,5.8,4.0,2.8,1,comedy,R
129,6.5,90.0,65.07554,0,action,PG-13
104,7.1,10.0,1.011054,0,other,R
115,7.5,165.0,232.64192,1,action,PG-13
95,7.3,29.75,4.196621,1,comedy,PG-13
88,5.4,20.0,8.276228,1,comedy,PG-13
98,6.5,45.0,66.818548,1,drama,R
116,6.8,6.5,2.268296,0,action,PG-13
108,5.8,28.0,10.907291,1,action,PG-13
101,5.6,6.9,31.611916,0,drama,PG-13
94,7.3,3.0,2.912363,0,other,R
107,6.8,13.0,45.661556,1,action,R
97,7.1,15.0,43.022524,1,comedy,R
101,7.6,17.0,96.522687,0,other,PG-13
123,7.4,12.0,25.885,1,drama,R
120,7.3,12.5,21.078145,1,drama,PG-13
95,5.8,40.0,37.134215,1,comedy,PG-13
104,6.7,85.0,47.726342,1,action,PG-13
115,7.1,48.0,129.128133,1,other,PG-13
138,7.5,150.0,292.004738,0,action,PG-13
91,6.3,10.0,37.499651,1,comedy,PG
104,5.7,4.5,23.03139,1,comedy,R
143,7.5,25.0,34.302837,0,drama,R
123,7.5,21.0,36.605602,0,drama,PG-13
104,6.1,10.0,21.486757,1,comedy,R
128,7.5,20.0,52.076908,0,drama,PG-13
102,7.6,12.0,26.86245,1,other,R
95,6.8,6.5,4.217115,1,comedy,R
137,6.7,75.0,77.868585,1,action,R
96,7.6,16.0,92.8236,1,comedy,R
109,6.1,35.0,29.197642,0,comedy,PG
83,5.6,1.0,31.53732,1,drama,R
106,7.1,50.2,62.495645,1,other,PG-13
109,7.4,30.0,49.20023,1,drama,PG-13
101,6.0,17.0,43.247647,1,action,PG-13
86,6.9,12.0,72.217,1,comedy,PG-13
110,6.8,55.0,38.619405,0,action,R
107,7.4,15.0,28.014536,1,action,R
95,5.8,25.0,17.356894,1,action,PG-13
123,5.5,15.0,30.238577,1,comedy,PG-13
81,5.2,15.0,13.290368,1,comedy,PG-13
145,7.8,21.0,4.398392,0,drama,R
136,8.0,4.5,13.417292,0,drama,R
146,8.1,25.0,169.708112,1,drama,PG-13
121,6.2,50.0,79.957634,1,drama,PG-13
106,7.5,175.0,364.001123,0,action,PG
106,7.2,3.0,15.185594,0,comedy,R
86,5.8,18.0,23.993605,1,comedy,R
129,7.3,36.0,20.191312,1,drama,R
97,3.1,17.0,2.315683,0,action,PG-13
94,4.8,15.0,5.585154,1,action,R
98,5.5,38.0,22.770864,1,comedy,PG
94,4.9,20.0,8.586376,1,comedy,R
109,6.3,12.0,32.000304,1,drama,PG-13
99,6.4,7.0,1.661464,1,drama,R
104,5.5,55.0,42.61,1,action,R
88,5.1,43.0,24.718164,1,comedy,R
88,8.5,45.0,312.9,1,other,G
95,6.2,5.0,16.017403,1,drama,R
106,7.7,1.0,6.933459,0,comedy,R
95,6.5,15.5,7.77473,0,comedy,R
94,4.9,40.0,8.479793,1,comedy,PG-13
100,6.8,1.5,4.59968,1,drama,R
106,6.6,60.0,75.658097,1,drama,PG-13
108,6.2,10.0,80.238724,1,other,R
121,7.0,15.0,2.819485,1,drama,PG
108,6.3,20.0,8.05428,1,comedy,PG-13
90,6.0,19.0,65.233369,1,drama,R
90,6.2,26.0,46.961214,1,other,R
137,7.2,65.0,115.637895,1,drama,PG-13
102,6.1,4.0,7.006708,1,drama,R
105,5.8,60.0,73.648142,1,action,R
98,8.1,7.0,24.611975,1,other,R
132,7.8,190.0,228.778661,1,action,PG-13
139,6.4,45.0,4.607608,1,drama,R
95,5.6,54.0,128.814019,1,comedy,PG-13
120,7.5,11.0,52.929168,1,comedy,R
97,6.5,25.0,45.089048,0,drama,PG-13
100,6.2,10.0,2.77728,1,action,PG-13
100,6.1,28.0,14.434604,1,action,R
100,6.1,19.0,27.758465,1,comedy,PG-13
83,4.6,22.0,22.264487,1,comedy,R
93,5.2,90.0,59.484742,1,comedy,PG-13
88,6.1,85.0,80.172128,1,action,PG-13
94,6.0,55.0,34.238611,1,action,R
103,6.3,3.2,4.265673,1,comedy,PG-13
113,5.7,40.0,95.170481,1,comedy,G
130,8.1,125.0,381.011219,1,action,PG-13
105,6.2,6.0,1.305195,0,drama,R
100,2.9,20.0,10.005534,1,comedy,PG
88,6.6,95.0,161.321843,1,other,PG
103,6.2,60.0,13.399812,0,comedy,R
111,6.5,15.0,1.29464,1,other,R
100,6.2,35.0,63.946815,1,action,PG
109,5.9,14.0,27.515786,1,drama,R
102,5.6,49.9,21.596445,1,action,R
126,7.8,12.0,124.87235,1,drama,PG-13
111,7.3,30.0,2.869369,0,comedy,PG
106,7.4,12.0,5.972884,1,comedy,PG-13
84,4.2,12.0,11.567217,1,comedy,PG
104,7.4,6.0,6.670712,1,comedy,PG-13
114,5.8,4.0,11.276846,1,action,R
95,5.2,35.0,63.075011,1,other,R
125,6.7,60.0,75.793305,1,comedy,PG-13
115,6.6,27.0,60.527873,1,other,R
80,7.8,9.5,7.002255,0,other,PG-13
101,5.4,25.0,14.502483,1,action,R
104,6.6,30.0,32.361416,1,comedy,R
108,6.7,80.0,63.844974,1,comedy,R
81,7.8,21.0,52.008288,1,other,R
98,7.2,30.0,32.774834,1,action,R
100,6.5,22.0,19.783777,1,action,R
100,4.4,8.0,2.76302,0,comedy,PG-13
137,6.5,50.0,1.206135,0,other,R
102,7.8,145.0,177.002924,1,other,PG
91,5.3,45.0,20.1,1,action,R
108,6.1,20.0,25.314289,1,comedy,R
93,5.9,3.3,4.941117,1,comedy,R
90,4.9,60.0,11.802056,1,action,PG
111,5.7,35.0,134.50692,1,comedy,R
131,5.6,30.0,1.013945,0,action,R
91,5.0,15.0,10.443316,1,comedy,PG-13
94,5.0,65.0,36.830057,1,comedy,PG
119,6.8,19.0,65.807024,1,action,R
112,7.7,18.0,1.513028,0,other,R
137,7.9,8.5,47.69512,1,drama,R
84,5.5,22.0,11.000863,1,comedy,R
116,7.3,62.0,36.90646,1,comedy,PG-13
93,6.3,20.0,31.155435,1,comedy,R
130,6.8,15.0,42.724017,1,action,R
104,6.5,55.0,58.42265,1,comedy,PG-13
94,5.7,8.0,3.594848,1,drama,R
94,6.3,22.0,49.008662,1,comedy,PG
105,5.8,20.0,35.990505,1,comedy,PG
139,7.2,5.0,1.862805,0,drama,R
100,6.9,30.0,27.931461,1,other,G
91,4.5,15.6,13.571817,1,comedy,PG-13
132,6.9,65.0,56.569702,1,action,PG-13
102,6.4,20.0,64.167069,1,comedy,PG-13
100,5.7,6.6,37.295394,1,comedy,PG-13
94,4.3,6.0,8.828771,1,comedy,R
180,8.2,100.0,116.900694,1,drama,R
100,5.6,10.0,30.307416,1,comedy,R
92,5.7,32.0,80.197993,0,comedy,PG
108,6.9,18.0,11.957943,1,comedy,PG-13
128,7.8,15.0,34.603943,1,other,R
93,7.5,6.0,1.065,1,drama,R
96,6.2,20.0,13.630226,1,action,R
93,5.9,25.0,36.429528,1,comedy,PG
110,5.8,130.0,122.52306,1,action,PG-13
111,6.0,15.0,29.106737,1,comedy,R
119,8.2,24.0,4.711096,0,other,PG
92,5.9,93.0,181.171875,1,action,PG-13
110,6.3,17.5,19.185184,1,comedy,R
100,4.7,7.0,10.097096,1,comedy,R
126,7.4,15.0,43.8481,1,other,R
180,8.0,35.0,4.496583,1,other,R
137,6.4,28.0,1.019038,0,drama,R
114,6.8,13.0,16.823529,1,drama,R
113,6.3,66.0,87.704396,1,action,PG-13
120,6.6,18.0,173.585516,1,action,PG
89,4.8,10.5,11.582891,1,other,R
143,6.7,65.0,38.966057,0,comedy,R
91,7.1,85.0,148.313048,1,other,PG
98,5.9,13.0,3.125424,1,comedy,PG-13
127,7.9,8.9,6.739492,0,drama,PG-13
82,5.0,60.0,28.426747,0,other,PG
158,7.8,90.0,102.515793,1,other,R
123,6.9,160.0,47.36529,0,action,PG-13
106,7.4,23.0,15.785632,0,drama,PG-13
100,4.9,45.0,17.300889,1,action,PG
87,5.9,49.0,43.905746,1,action,PG-13
106,4.3,84.0,123.30989,1,comedy,PG-13
81,6.4,4.9,67.235683,1,other,PG-13
96,7.5,3.0,4.609953,1,drama,R
97,6.4,1.5,14.697005,1,action,R
106,5.2,5.0,17.382982,1,drama,R
96,6.6,22.0,11.307844,1,action,R
90,5.6,15.0,21.397954,1,comedy,PG-13
109,6.3,200.0,150.371112,1,action,R
93,6.7,200.0,123.08712,1,other,PG
98,7.0,8.0,2.502551,1,other,R
117,6.4,80.0,103.028109,1,comedy,PG-13
98,5.5,40.0,16.323969,1,comedy,PG-13
113,6.2,7.0,5.344577,1,drama,R
131,7.6,19.0,21.488481,1,drama,PG-13
96,3.7,18.0,8.742261,0,action,PG-13
143,6.9,180.0,291.709845,1,action,PG
107,5.6,40.0,26.830068,0,action,R
120,7.7,40.0,96.962694,1,drama,PG-13
89,6.1,5.0,10.164675,1,action,R
100,8.1,94.0,380.843261,1,other,G
114,7.1,75.0,60.652036,1,action,R
94,6.3,45.0,50.648679,0,action,R
96,6.9,150.0,114.053579,1,other,PG
107,6.9,7.0,17.044981,1,other,R
127,6.7,110.0,87.242834,0,action,PG-13
108,7.0,1.5,19.067631,1,comedy,PG-13
110,6.1,7.0,113.721571,1,comedy,R
109,6.1,18.0,13.729742,1,comedy,R
100,3.9,20.0,2.147114,1,action,PG
97,6.5,9.0,14.90491,0,comedy,PG-13
121,7.0,66.0,83.898313,1,drama,PG-13
92,4.8,20.0,34.341945,1,other,R
97,7.5,3.5,27.9,1,other,R
103,7.8,6.0,70.136369,1,comedy,PG-13
69,7.4,12.5,48.092846,1,other,G
107,5.5,60.0,7.605668,0,action,R
121,7.3,139.0,403.706375,1,action,PG-13
89,6.0,7.0,12.634962,1,other,R
84,6.0,36.0,99.96767,0,other,G
107,6.4,50.0,51.183113,1,action,PG
111,6.6,20.0,4.711736,0,action,R
116,7.0,15.0,9.39687,1,drama,R
100,5.6,130.0,33.618855,1,action,PG-13
93,7.7,9.0,17.105219,1,comedy,R
113,6.7,8.0,3.014696,0,drama,R
155,7.9,15.0,26.40064,1,drama,R
123,6.9,11.0,2.112951,1,drama,R
104,5.6,30.0,40.390647,1,drama,PG-13
117,6.5,40.0,46.29461,1,comedy,PG-13
111,6.2,40.0,38.180928,1,other,R
142,7.6,40.0,72.313754,1,drama,PG-13
105,7.5,3.5,6.390032,1,drama,R
150,8.5,35.0,32.572577,0,drama,R
86,4.1,6.0,5.093707,1,action,PG-13
95,7.1,35.0,13.414714,0,action,R
120,6.7,6.0,22.201883,0,comedy,PG
90,7.0,100.0,124.870275,1,other,PG
93,5.7,13.0,49.369899,1,other,R
101,6.4,36.0,50.287556,1,comedy,R
144,7.4,250.0,255.119788,0,action,PG-13
115,5.7,18.0,1.305114,1,action,R
100,6.1,20.0,5.005883,0,drama,R
115,6.9,14.0,13.64,1,comedy,PG-13
143,8.1,220.0,623.35791,1,action,PG-13
99,5.5,65.0,71.726025,0,action,PG
102,5.8,75.0,33.864342,0,comedy,PG-13
128,7.6,20.0,31.841299,1,drama,R
105,6.8,20.0,9.525276,1,action,R
146,7.7,70.0,77.911774,1,action,R
112,6.7,21.0,6.835856,1,drama,PG-13
93,3.8,4.5,1.246237,0,comedy,PG
116,7.3,53.0,91.4,1,action,R
87,5.1,6.0,12.974636,1,comedy,R
93,6.5,8.0,14.015786,1,drama,R
118,7.4,31.0,45.010278,1,other,PG-13
115,6.6,46.0,52.80214,1,action,PG-13
119,6.7,8.5,6.055661,1,action,R
100,6.9,145.0,216.391482,1,other,PG
107,7.8,20.0,61.276872,1,other,R
117,6.4,65.0,63.860942,1,drama,PG-13
111,5.8,40.0,14.241034,1,action,PG
115,7.3,15.0,50.083616,1,drama,PG
84,5.1,15.0,10.713605,1,comedy,PG
87,5.5,10.0,19.882538,1,comedy,PG-13
99,4.8,40.0,12.181484,1,comedy,PG-13
115,6.1,50.0,31.874869,1,other,R
107,5.9,20.0,1.103075,0,drama,R
109,6.5,25.0,66.528,1,action,R
88,5.4,15.0,47.811275,1,action,PG
107,6.4,32.0,18.636537,0,action,R
99,6.8,7.0,2.344847,1,drama,R
93,6.3,15.0,3.635292,1,action,R
85,5.2,8.0,25.926543,1,other,PG-13
117,5.1,40.0,30.98185,1,drama,R
98,6.3,5.0,6.957975,0,comedy,PG
100,5.3,12.0,18.595716,1,comedy,PG
132,7.3,90.0,111.549836,1,action,R
94,6.2,25.0,32.416109,1,comedy,R
108,7.1,35.0,81.261177,1,comedy,PG-13
140,6.9,25.0,6.265311,0,drama,R
97,6.6,1.0,7.02294,1,comedy,R
108,7.1,7.0,50.888729,1,comedy,R
139,7.2,30.0,32.2,1,drama,PG
